loss,time_elapsed
344.77581787109375,99.03748798370361
